Handle,Title,Title [en-HK],Title [zh-Hant-TW],Body (HTML),Body (HTML) [en-HK],Body (HTML) [zh-Hant-TW],Vendor,Product Category,Type,Type [en-HK],Type [zh-Hant-TW],Tags,Published,Option1 Name,Option1 Name [en-HK],Option1 Name [zh-Hant-TW],Option1 Value,Option1 Value [en-HK],Option1 Value [zh-Hant-TW],Option2 Name,Option2 Name [en-HK],Option2 Name [zh-Hant-TW],Option2 Value,Option2 Value [en-HK],Option2 Value [zh-Hant-TW],Option3 Name,Option3 Name [en-HK],Option3 Name [zh-Hant-TW],Option3 Value,Option3 Value [en-HK],Option3 Value [zh-Hant-TW],Variant SKU,Variant Grams,Variant Inventory Tracker,Variant Inventory Qty,Variant Inventory Policy,Variant Fulfillment Service,Variant Price,Variant Compare At Price,Variant Requires Shipping,Variant Taxable,Unit Price Total Measure,Unit Price Total Measure Unit,Unit Price Base Measure,Unit Price Base Measure Unit,Variant Barcode,Image Src,Image Position,Image Alt Text,Image Alt Text [en-HK],Image Alt Text [zh-Hant-TW],Gift Card,SEO Title,SEO Title [en-HK],SEO Title [zh-Hant-TW],SEO Description,SEO Description [en-HK],SEO Description [zh-Hant-TW],Variant Image,Variant Weight Unit,Variant Tax Code,Cost per item,Status,Source Locale,Product ID,Variant ID
handcrafted-soy-candle,手工大豆香薰蠟燭,Handcrafted Soy Aroma Candle,手工大豆香氛蠟燭,"<h3>產品說明</h3>
<p>以 100% 大豆蠟手工灌製，單支燃燒時間約 45 小時。無鉛棉芯，燃燒時不產生黑煙。</p>
<h3>成分</h3>
<p>大豆蠟、天然精油、無鉛棉芯</p>","<h3>Description</h3>
<p>Hand-poured from 100% soy wax. Burns for about 45 hours with a lead-free wick — no soot, no ""fragrance headache"".</p>
<h3>Ingredients</h3>
<p>Soy wax, natural essential oils, lead-free cotton wick</p>",,CHILL LOVE Atelier,Home & Garden > Decor > Home Fragrances > Candles,香薰蠟燭,Aroma Candle,香氛蠟燭,"香薰,禮物,手工",TRUE,香調,Scent,香調,白茶,White Tea,白茶,容量,Size,容量,200g,200g,200g,,,,,,,CL-CDL-WT-200,320,chilllove,48,DENY,manual,268.00,328.00,TRUE,FALSE,,,,,4891000000011,https://images.example.com/chilllove/candle-white-tea-200g.jpg,1,白茶大豆蠟燭 200g，透明玻璃杯裝,"White Tea soy candle, 200g, in a clear glass jar",,FALSE,手工大豆香薰蠟燭｜白茶與雪松｜CHILL LOVE,Handcrafted Soy Aroma Candle | White Tea & Cedarwood | CHILL LOVE,手工大豆香氛蠟燭｜白茶與雪松｜CHILL LOVE,100% 大豆蠟手工灌製，燃燒約 45 小時。白茶與雪松兩款香調，200g 與 400g 兩種容量。,"Hand-poured 100% soy wax candle, about 45 hours of burn time. White Tea and Cedarwood, 200g and 400g.",,https://images.example.com/chilllove/candle-white-tea-200g.jpg,g,,96.00,ACTIVE,zh-Hant-HK,,
handcrafted-soy-candle,,,,,,,,,,,,,,,,,雪松,Cedarwood,雪松,,,,200g,,,,,,,,,CL-CDL-CW-200,320,chilllove,36,DENY,manual,268.00,328.00,TRUE,FALSE,,,,,4891000000028,,,,,,,,,,,,,https://images.example.com/chilllove/candle-cedarwood-200g.jpg,g,,96.00,,zh-Hant-HK,,
handcrafted-soy-candle,,,,,,,,,,,,,,,,,白茶,,,,,,400g,400g,400g,,,,,,,CL-CDL-WT-400,560,chilllove,22,DENY,manual,458.00,528.00,TRUE,FALSE,,,,,4891000000035,,,,,,,,,,,,,https://images.example.com/chilllove/candle-white-tea-400g.jpg,g,,168.00,,zh-Hant-HK,,
handcrafted-soy-candle,,,,,,,,,,,,,,,,,雪松,,,,,,400g,,,,,,,,,CL-CDL-CW-400,560,chilllove,18,DENY,manual,458.00,528.00,TRUE,FALSE,,,,,4891000000042,,,,,,,,,,,,,https://images.example.com/chilllove/candle-cedarwood-400g.jpg,g,,168.00,,zh-Hant-HK,,
handcrafted-soy-candle,,,,,,,,,,,,,,,,,,,,,,,,,,,,,,,,,,,,,,,,,,,,,,,https://images.example.com/chilllove/candle-cedarwood-400g.jpg,2,雪松大豆蠟燭 400g，點燃中,"Cedarwood soy candle, 400g, lit",,,,,,,,,,,,,,zh-Hant-HK,,
handcrafted-soy-candle,,,,,,,,,,,,,,,,,,,,,,,,,,,,,,,,,,,,,,,,,,,,,,,https://images.example.com/chilllove/candle-gift-box.jpg,3,兩支裝禮盒，附手寫卡片,Two-candle gift box with a handwritten card,兩入禮盒，附手寫卡片,,,,,,,,,,,,,zh-Hant-HK,,
rose-body-oil-100ml,玫瑰身體護理油 100ml,Rose Body Oil 100ml,玫瑰身體護理油 100ml,"<h3>產品說明</h3>
<p>大馬士革玫瑰精油搭配荷荷芭油，沐浴後三分鐘內塗抹吸收最佳。</p>
<h3>用法</h3>
<p>取 3–5 滴於掌心推開，由下而上按摩至吸收。</p>","<h3>Description</h3>
<p>Damask rose essential oil in a jojoba base. Best absorbed within three minutes after bathing.</p>
<h3>How to use</h3>
<p>Warm 3–5 drops in the palm and massage upwards until absorbed.</p>",,CHILL LOVE Atelier,Health & Beauty > Personal Care > Cosmetics > Skin Care > Body Oil,身體護理油,Body Oil,身體護理油,"玫瑰,保濕,身體護理",TRUE,Title,,,Default Title,,,,,,,,,,,,,,,CL-OIL-ROSE-100,180,chilllove,64,DENY,manual,388.00,,TRUE,FALSE,100.00,ml,10.00,ml,4891000000059,https://images.example.com/chilllove/rose-body-oil-100ml.jpg,1,玫瑰身體護理油 100ml，琥珀色玻璃瓶附滴管,"Rose body oil, 100ml amber glass bottle with dropper",,FALSE,玫瑰身體護理油 100ml｜大馬士革玫瑰＋荷荷芭｜CHILL LOVE,Rose Body Oil 100ml | Damask Rose & Jojoba | CHILL LOVE,玫瑰身體護理油 100ml｜大馬士革玫瑰＋荷荷芭｜CHILL LOVE,大馬士革玫瑰精油搭配荷荷芭油，100ml。三分鐘吸收，不黏膩。,"Damask rose essential oil in a jojoba base, 100ml. Absorbs in three minutes, no sticky finish.",,https://images.example.com/chilllove/rose-body-oil-100ml.jpg,g,,132.00,ACTIVE,zh-Hant-HK,,
rose-body-oil-100ml,,,,,,,,,,,,,,,,,,,,,,,,,,,,,,,,,,,,,,,,,,,,,,,https://images.example.com/chilllove/rose-body-oil-texture.jpg,2,油體質地特寫,Close-up of the oil texture,,,,,,,,,,,,,,zh-Hant-HK,,
aroma-blending-workshop-online,線上香氣調配工作坊,Online Aroma Blending Workshop,,"<h3>課程內容</h3>
<p>三堂線上直播，從前中後調的結構講到自行調配一支 30ml 個人香水。</p>
<p>報名後以電郵寄出連結，錄影保留 90 天。</p>",,,CHILL LOVE Atelier,Arts & Entertainment > Hobbies & Creative Arts > Arts & Crafts,線上課程,Online Course,,"課程,線上,香氣",FALSE,Title,,,Default Title,,,,,,,,,,,,,,,CL-WS-AROMA-ONLINE,,,,CONTINUE,manual,680.00,,FALSE,FALSE,,,,,,,,,,,FALSE,線上香氣調配工作坊｜CHILL LOVE,Online Aroma Blending Workshop | CHILL LOVE,,三堂線上直播課，學會自行調配 30ml 個人香水。錄影保留 90 天。,,,,,,,DRAFT,zh-Hant-HK,,
