Handle,Title,Title [en],Title [fr],Title [zh-Hans],Body (HTML),Body (HTML) [en],Body (HTML) [fr],Body (HTML) [zh-Hans],Vendor,Product Category,Type,Type [en],Type [fr],Type [zh-Hans],Tags,Published,Option1 Name,Option1 Name [en],Option1 Name [fr],Option1 Name [zh-Hans],Option1 Value,Option1 Value [en],Option1 Value [fr],Option1 Value [zh-Hans],Option2 Name,Option2 Name [en],Option2 Name [fr],Option2 Name [zh-Hans],Option2 Value,Option2 Value [en],Option2 Value [fr],Option2 Value [zh-Hans],Option3 Name,Option3 Name [en],Option3 Name [fr],Option3 Name [zh-Hans],Option3 Value,Option3 Value [en],Option3 Value [fr],Option3 Value [zh-Hans],Variant SKU,Variant Grams,Variant Inventory Tracker,Variant Inventory Qty,Variant Inventory Policy,Variant Fulfillment Service,Variant Price,Variant Compare At Price,Variant Requires Shipping,Variant Taxable,Unit Price Total Measure,Unit Price Total Measure Unit,Unit Price Base Measure,Unit Price Base Measure Unit,Variant Barcode,Image Src,Image Position,Image Alt Text,Image Alt Text [en],Image Alt Text [fr],Image Alt Text [zh-Hans],Gift Card,SEO Title,SEO Title [en],SEO Title [fr],SEO Title [zh-Hans],SEO Description,SEO Description [en],SEO Description [fr],SEO Description [zh-Hans],Variant Image,Variant Weight Unit,Variant Tax Code,Cost per item,Status,Source Locale,Product ID,Variant ID
handcrafted-soy-candle,手工大豆香薰蠟燭,Handcrafted Soy Aroma Candle,Bougie artisanale à la cire de soja,手工大豆香薰蜡烛,"<h3>產品說明</h3>
<p>以 100% 大豆蠟手工灌製，單支燃燒時間約 45 小時。無鉛棉芯，燃燒時不產生黑煙。</p>
<h3>成分</h3>
<p>大豆蠟、天然精油、無鉛棉芯</p>","<h3>Description</h3>
<p>Hand-poured from 100% soy wax. Burns for about 45 hours with a lead-free wick — no soot, no ""fragrance headache"".</p>
<h3>Ingredients</h3>
<p>Soy wax, natural essential oils, lead-free cotton wick</p>","<h3>Description</h3>
<p>Coulée à la main dans une cire de soja 100 %. Environ 45 heures de combustion, mèche sans plomb — ni suie, ni « mal de tête parfumé ».</p>
<h3>Composition</h3>
<p>Cire de soja, huiles essentielles naturelles, mèche en coton sans plomb</p>","<h3>产品说明</h3>
<p>以 100% 大豆蜡手工灌制，单支燃烧时间约 45 小时。无铅棉芯，燃烧时不产生黑烟。</p>
<h3>成分</h3>
<p>大豆蜡、天然精油、无铅棉芯</p>",CHILL LOVE Atelier,Home & Garden > Decor > Home Fragrances > Candles,香薰蠟燭,Aroma Candle,Bougie parfumée,香薰蜡烛,"香薰,禮物,手工",TRUE,香調,Scent,Senteur,香调,白茶,White Tea,Thé blanc,白茶,容量,Size,Contenance,容量,200g,200g,200 g,200g,,,,,,,,,CL-CDL-WT-200,320,chilllove,48,DENY,manual,268.00,328.00,TRUE,FALSE,,,,,4891000000011,https://images.example.com/chilllove/candle-white-tea-200g.jpg,1,白茶大豆蠟燭 200g，透明玻璃杯裝,"White Tea soy candle, 200g, in a clear glass jar","Bougie de soja Thé blanc, 200 g, en pot de verre transparent",白茶大豆蜡烛 200g，透明玻璃杯装,FALSE,手工大豆香薰蠟燭｜白茶與雪松｜CHILL LOVE,Handcrafted Soy Aroma Candle | White Tea & Cedarwood | CHILL LOVE,Bougie artisanale au soja | Thé blanc et Cèdre | CHILL LOVE,手工大豆香薰蜡烛｜白茶与雪松｜CHILL LOVE,100% 大豆蠟手工灌製，燃燒約 45 小時。白茶與雪松兩款香調，200g 與 400g 兩種容量。,"Hand-poured 100% soy wax candle, about 45 hours of burn time. White Tea and Cedarwood, 200g and 400g.","Bougie coulée à la main en cire de soja 100 %, environ 45 heures de combustion. Thé blanc et Cèdre, 200 g et 400 g.",100% 大豆蜡手工灌制，燃烧约 45 小时。白茶与雪松两款香调，200g 与 400g 两种容量。,https://images.example.com/chilllove/candle-white-tea-200g.jpg,g,,96.00,ACTIVE,zh-Hant,gid://chilllove/Product/1042,gid://chilllove/ProductVariant/20871
handcrafted-soy-candle,,,,,,,,,,,,,,,,,,,,,雪松,Cedarwood,Cèdre,雪松,,,,,200g,,,,,,,,,,,,CL-CDL-CW-200,320,chilllove,36,DENY,manual,268.00,328.00,TRUE,FALSE,,,,,4891000000028,,,,,,,,,,,,,,,,https://images.example.com/chilllove/candle-cedarwood-200g.jpg,g,,96.00,,zh-Hant,gid://chilllove/Product/1042,gid://chilllove/ProductVariant/20872
handcrafted-soy-candle,,,,,,,,,,,,,,,,,,,,,白茶,,,,,,,,400g,400g,400 g,400g,,,,,,,,,CL-CDL-WT-400,560,chilllove,22,DENY,manual,458.00,528.00,TRUE,FALSE,,,,,4891000000035,,,,,,,,,,,,,,,,https://images.example.com/chilllove/candle-white-tea-400g.jpg,g,,168.00,,zh-Hant,gid://chilllove/Product/1042,gid://chilllove/ProductVariant/20873
handcrafted-soy-candle,,,,,,,,,,,,,,,,,,,,,雪松,,,,,,,,400g,,,,,,,,,,,,CL-CDL-CW-400,560,chilllove,18,DENY,manual,458.00,528.00,TRUE,FALSE,,,,,4891000000042,,,,,,,,,,,,,,,,https://images.example.com/chilllove/candle-cedarwood-400g.jpg,g,,168.00,,zh-Hant,gid://chilllove/Product/1042,gid://chilllove/ProductVariant/20874
handcrafted-soy-candle,,,,,,,,,,,,,,,,,,,,,,,,,,,,,,,,,,,,,,,,,,,,,,,,,,,,,,,,https://images.example.com/chilllove/candle-cedarwood-400g.jpg,2,雪松大豆蠟燭 400g，點燃中,"Cedarwood soy candle, 400g, lit","Bougie de soja Cèdre, 400 g, allumée",雪松大豆蜡烛 400g，点燃中,,,,,,,,,,,,,,,zh-Hant,gid://chilllove/Product/1042,
handcrafted-soy-candle,,,,,,,,,,,,,,,,,,,,,,,,,,,,,,,,,,,,,,,,,,,,,,,,,,,,,,,,https://images.example.com/chilllove/candle-gift-box.jpg,3,兩支裝禮盒，附手寫卡片,Two-candle gift box with a handwritten card,,两支装礼盒，附手写卡片,,,,,,,,,,,,,,,zh-Hant,gid://chilllove/Product/1042,
candle-duo-gift-set,雙支蠟燭禮盒,Candle Duo Gift Set,Coffret duo de bougies,双支蜡烛礼盒,"<p>白茶與雪松各一支 200g，附手寫卡片與提袋。</p>
<p>僅供私訊訂購。</p>","<p>One 200g White Tea and one 200g Cedarwood candle, with a handwritten card and a carry bag.</p>
<p>Available by direct enquiry only.</p>","<p>Une bougie Thé blanc 200 g et une bougie Cèdre 200 g, avec carte manuscrite et pochette.</p>
<p>Sur demande uniquement.</p>","<p>白茶与雪松各一支 200g，附手写卡片与提袋。</p>
<p>仅供私信订购。</p>",CHILL LOVE Atelier,Home & Garden > Decor > Home Fragrances > Candles,禮盒,Gift Set,Coffret cadeau,礼盒,"禮物,禮盒",FALSE,Title,,,,Default Title,,,,,,,,,,,,,,,,,,,,CL-CDL-SET-DUO,900,chilllove,6,DENY,manual,498.00,536.00,TRUE,FALSE,,,,,4891000000066,https://images.example.com/chilllove/candle-gift-box.jpg,1,雙支蠟燭禮盒，附手寫卡片,Candle duo gift set with a handwritten card,Coffret duo de bougies avec carte manuscrite,双支蜡烛礼盒，附手写卡片,FALSE,雙支蠟燭禮盒｜CHILL LOVE,Candle Duo Gift Set | CHILL LOVE,Coffret duo de bougies | CHILL LOVE,双支蜡烛礼盒｜CHILL LOVE,白茶與雪松 200g 各一支，附手寫卡片與提袋。,"One 200g White Tea and one 200g Cedarwood candle, with a handwritten card and a carry bag.",,白茶与雪松 200g 各一支，附手写卡片与提袋。,https://images.example.com/chilllove/candle-gift-box.jpg,g,,192.00,UNLISTED,zh-Hant,gid://chilllove/Product/1177,gid://chilllove/ProductVariant/21990
